kernel,c value,train precision,test precision
linear,5,0.9877193392741845,0.9870759185598269
linear,10,0.9877091215859742,0.9870759185598269